{
    "keep": {
        "days": true,
        "amount": 1
    },
    "auditLog": "logs\\.69b0f25cc28480934fd82bd3258cff059be8854d-audit.json",
    "files": [
        {
            "date": 1662079666136,
            "name": "logs\\2022-09-02-09.log",
            "hash": "e4a7e756ff60fb9ed2bcbc1c5b55c1fb9d8fc3d23050a778914f4537144cef3c"
        },
        {
            "date": 1662082286555,
            "name": "logs\\2022-09-02-10.log",
            "hash": "d7b209ea136cd3d7a9ef1394d413212b4654d9c36504a0b906a2251609386301"
        }
    ],
    "hashType": "sha256"
}